tract,population,people per household,median income per household,mean income per household,income per capita,geometry
1011,4166,3.23,10338.0,10184.0,3153.0,"POLYGON ((-90.27154260702773 38.55310084267973, -90.26428451124077 38.5537267343766, -90.26578981316631 38.55458637382806, -90.26150613473138 38.5578944675235, -90.26713107726303 38.56083640396366, -90.27286209768702 38.55577829340368, -90.27393713536053 38.5560935948513, -90.27741950022623 38.55618803383101, -90.27896103724277 38.55661400345087, -90.28306825089233 38.55967491455972, -90.28693070511625 38.55556039504258, -90.28626605074197 38.55523297163823, -90.2851478525224 38.55482249852418, -90.284339065957 38.55441396191766, -90.28357076650255 38.5539610972973, -90.28254684905647 38.5532964200569, -90.2816471618217 38.55260466366857, -90.28062223504976 38.55205139074, -90.28016251903701 38.55179980048105, -90.2796319772561 38.55126467985401, -90.2789135238294 38.55086164302726, -90.2776109248548 38.55025637563937, -90.27559650369631 38.54973942577929, -90.27509825075299 38.54944673854021, -90.27381931268005 38.54918659413262, -90.27348701065549 38.54887079246653, -90.27303536733325 38.54874740935335, -90.27226894644538 38.54883003593829, -90.27154260702773 38.55310084267973))"
1012,4436,2.99,10624.0,11316.0,3785.0,"POLYGON ((-90.28308196184248 38.55967338340729, -90.27893108876285 38.55660058060077, -90.27733470647465 38.55618065140661, -90.27392397459722 38.55609122695132, -90.27286122061824 38.55580088372305, -90.26713610893552 38.56083816654112, -90.27299055269786 38.56389234944562, -90.269737233802 38.56774139279709, -90.27374513270574 38.56982867864493, -90.28308196184248 38.55967338340729))"
1013,5836,2.67,9446.0,14008.0,5246.0,"POLYGON ((-90.26974240190469 38.56773261123722, -90.27296989647958 38.56390198200216, -90.25930391826094 38.55676443868909, -90.25873176913008 38.55747907259057, -90.25804821556267 38.5582540890261, -90.25729735184575 38.55894925179692, -90.25655376930283 38.55949226565858, -90.25585613775733 38.55988817604494, -90.25521461050093 38.56019374496801, -90.25960084250156 38.56247282812967, -90.25440973796083 38.56854842643553, -90.26911360190917 38.57631380188137, -90.26955330036958 38.57515586415415, -90.27096050367645 38.57294549684899, -90.27146833871149 38.57233163856417, -90.27374684904726 38.5698372028099, -90.26974240190469 38.56773261123722))"
1014,4138,2.82,7677.0,8343.0,2959.0,"POLYGON ((-90.25438958028666 38.56849012225171, -90.25956679301454 38.56248022290877, -90.25521778795265 38.56019102340022, -90.25655106183328 38.55948285073874, -90.2572710551571 38.55894680851274, -90.25802676731527 38.55824861431939, -90.25865522938007 38.55752747972072, -90.25928314238062 38.55676901209531, -90.25599822087808 38.55503052607403, -90.2519174480007 38.55844123729639, -90.24878640682499 38.56208979095976, -90.24699599779323 38.56260713563947, -90.24603251921839 38.56409026400442, -90.25438958028666 38.56849012225171))"
1015,4516,2.85,6855.0,7303.0,2562.0,"POLYGON ((-90.25708634813786 38.54815416248399, -90.26097947425498 38.55065141963652, -90.25613521047588 38.55511008360978, -90.26149385362679 38.55789588755655, -90.26577092481806 38.55460045357129, -90.26424482035544 38.55371655598768, -90.27153671344644 38.55308750722416, -90.27226928680922 38.54883292600202, -90.27304787962487 38.54875483647361, -90.27228961748442 38.54750540938571, -90.27211647677832 38.54655553921289, -90.27183662647975 38.54591380346621, -90.27172735341104 38.54569147581614, -90.27150753930904 38.54448819282614, -90.27101964792676 38.5432447760995, -90.27079817914824 38.54295155719451, -90.27049590146578 38.54144519794878, -90.27111527405306 38.54065537506171, -90.27149431244338 38.53962892945326, -90.27071481122319 38.53865800791226, -90.26942069645531 38.53775539283772, -90.26915648038657 38.53753806479271, -90.25708634813786 38.54815416248399))"
1016,1345,2.95,6407.0,8618.0,2921.0,"POLYGON ((-90.26915499761678 38.53753755429791, -90.26870957535161 38.53715534173898, -90.26692284487862 38.53416198600583, -90.26230749513253 38.53387771529491, -90.26086398957995 38.53323084502843, -90.25912556639126 38.53526737441336, -90.25860870124018 38.53558803741531, -90.25756471836739 38.53730004681227, -90.25728099796017 38.53792915270719, -90.25692222512586 38.53814055154722, -90.25628953743862 38.5389335192046, -90.25555414754503 38.53952167261528, -90.25533541888356 38.54020615852941, -90.25480717054161 38.54090788042613, -90.25440618148799 38.54136645948477, -90.2539145247955 38.54206635602436, -90.25292662804029 38.54356668057449, -90.25274354511195 38.54395246001736, -90.25317943275842 38.54428435117385, -90.25790486848297 38.54743936651027, -90.26915499761678 38.53753755429791))"
1017,4441,2.79,6861.0,7101.0,2545.0,"POLYGON ((-90.26096427828082 38.55065753674489, -90.25709311834642 38.54815859776003, -90.25789177052231 38.54743981105728, -90.25272255072863 38.54396503838387, -90.2523045633675 38.54477702763772, -90.25240747968189 38.54510071808206, -90.25226965483022 38.5453499855042, -90.25234699405431 38.54610539360073, -90.25160549790822 38.54759314406533, -90.25071187845451 38.54830854164222, -90.25015759278564 38.54929043165869, -90.25015412347696 38.54990096532541, -90.24911113520295 38.55106667946173, -90.24653676730571 38.55375404824239, -90.24539927750284 38.55528960647627, -90.24520107506513 38.55598509699093, -90.24281187600504 38.55848172987927, -90.24188038100712 38.55946773670725, -90.24316340979814 38.5602813275971, -90.24667775741473 38.56213335275401, -90.24700196098243 38.56260101600526, -90.24877874177255 38.56207655567254, -90.26096427828082 38.55065753674489))"
1021,3564,2.08,7579.0,8422.0,4049.0,"POLYGON ((-90.29695291102263 38.56242016011525, -90.29417175546111 38.56426588420547, -90.28627595223023 38.56906798012706, -90.28508779296956 38.57011918791439, -90.29171554161447 38.57376730948079, -90.3104500967724 38.5756786152337, -90.3072325361214 38.57257793649934, -90.30519438695737 38.57062354657848, -90.30387964362482 38.56920316742469, -90.29695291102263 38.56242016011525))"
1022,8274,2.67,9300.0,11491.0,4304.0,"POLYGON ((-90.29171679157318 38.57378702837025, -90.28509209448461 38.57014437799936, -90.2837902891301 38.57131378596782, -90.28456288208352 38.5738561848756, -90.28315225301721 38.57677278220685, -90.28217275934672 38.57843608778142, -90.28159785460285 38.57901104776219, -90.28087248575065 38.5794014553692, -90.27983788719963 38.57986030293603, -90.27936520829903 38.58028262178728, -90.27885840476236 38.58095803567129, -90.28520178300273 38.58160720542238, -90.29193023954903 38.58229916168641, -90.2958125230776 38.5816216124057, -90.31079374764025 38.58314106145139, -90.31132154542766 38.5846397089934, -90.31217227816036 38.58598601579197, -90.31307385528663 38.58693867508739, -90.31621213126853 38.58474377173432, -90.31490555063445 38.58204901961738, -90.31470629966419 38.58155233432551, -90.31442080088638 38.58116117230477, -90.31397737262486 38.57966250392818, -90.31356152671174 38.57877530429899, -90.31043515850938 38.57566710460576, -90.30063210121943 38.57467284686123, -90.29171679157318 38.57378702837025))"
1023,2771,2.81,9847.0,9474.0,3372.0,"POLYGON ((-90.28693547569112 38.55557347174546, -90.28306393595295 38.55970610710402, -90.27721737982945 38.56604890600047, -90.28038499572777 38.56731465875478, -90.28520204481478 38.57000759531683, -90.28628461801794 38.56904984683494, -90.29073404075845 38.5663466071471, -90.29415653097405 38.56426234386331, -90.29585850920144 38.56310618480287, -90.29696118268197 38.56240893011596, -90.29327556017746 38.55963613160497, -90.29242197286547 38.55897548473521, -90.28693547569112 38.55557347174546))"
1024,3174,2.64,7596.0,8680.0,3288.0,"POLYGON ((-90.28378414273433 38.57133158278128, -90.28250714489792 38.57251593964769, -90.27579785200233 38.57669775183298, -90.27445578665574 38.57731592155397, -90.27340947960859 38.57754068540709, -90.27204010849289 38.57785397574699, -90.26910821476591 38.57632287140812, -90.2683114154747 38.5786442749945, -90.26965988071639 38.57933810763335, -90.2698097352658 38.57916596549843, -90.27049036857316 38.57960744818705, -90.27076421035171 38.57969660421942, -90.27574149870776 38.57974410741915, -90.27708782841714 38.58072964909352, -90.27884917050255 38.5809461466911, -90.27936357843488 38.58027343148181, -90.27983657934335 38.579844482648, -90.28100225869554 38.57931940436795, -90.28156272495302 38.57897472879367, -90.2821529848528 38.57843422740586, -90.28286350276254 38.57725889432616, -90.28400292443918 38.57509116007468, -90.28448061326498 38.57414396116661, -90.28455114244271 38.57389099707183, -90.28378414273433 38.57133158278128))"
1025,2514,2.58,8351.0,9132.0,3540.0,"POLYGON ((-90.28037723601173 38.56732343939691, -90.27723448134503 38.5660481298355, -90.27374163342104 38.56984839844028, -90.27101832263205 38.57280443118833, -90.2695390862622 38.57515382577201, -90.26912745228601 38.57632139427789, -90.27204179708356 38.5778506807406, -90.27426197892159 38.57734258290218, -90.27485730644953 38.57714853793798, -90.27623457398317 38.57644081178915, -90.27965535637452 38.57433145177516, -90.28048186341023 38.57382519161005, -90.28208453157757 38.57282708251989, -90.28247056598727 38.57253049115228, -90.2851924422245 38.57001091673283, -90.28037723601173 38.56732343939691))"
1031,4419,2.29,8473.0,10025.0,4378.0,"POLYGON ((-90.31310728378467 38.58692898915528, -90.31213155161511 38.58599800585086, -90.31131914309465 38.58470527170569, -90.31076381183442 38.58314009240668, -90.30454555672513 38.58251968714706, -90.30368970592788 38.58788888835505, -90.30300842179255 38.59189493255569, -90.30212688173403 38.59233891674028, -90.30944678699835 38.59311048610366, -90.31607926088718 38.59382551743626, -90.31646387870738 38.59202919342891, -90.31957585335323 38.59221788113899, -90.31950801268209 38.59211840823308, -90.31921680946546 38.59124792701392, -90.31620792214673 38.58474442840148, -90.31323968899576 38.58682645275024, -90.31310728378467 38.58692898915528))"
1032,4857,2.72,9443.0,10335.0,3800.0,"POLYGON ((-90.31613203876159 38.59385772703529, -90.30207224609467 38.59236338600615, -90.30055798799792 38.59745973478019, -90.30009736402263 38.60009973104437, -90.29891094025623 38.60267481227101, -90.30407464077859 38.60318958566522, -90.31007465165293 38.60383522867786, -90.31091413159452 38.60300162338019, -90.31161958936214 38.60215889157871, -90.31273282526318 38.6011392984657, -90.31349992569766 38.60066192978669, -90.31485770036325 38.60009593582792, -90.31540362731759 38.59993846498386, -90.31537766700156 38.59949783697164, -90.31553714521719 38.59904337105441, -90.31571432484276 38.5980802473371, -90.31576636580792 38.5974739542117, -90.31573598359472 38.59689683604292, -90.31570107249091 38.59633720031562, -90.31572361141647 38.59595765769149, -90.31613203876159 38.59385772703529))"
1033,1209,2.96,8320.0,8341.0,2818.0,"POLYGON ((-90.31956139267835 38.59222474389418, -90.31645201268347 38.59204552200708, -90.3160963588462 38.59386079160653, -90.31576028940306 38.59587301780603, -90.31572087943997 38.59635928629324, -90.31575135323831 38.59709715531756, -90.31575388970029 38.59751285208446, -90.31569711186467 38.59804857485214, -90.31558390174372 38.59869658824678, -90.31547528283659 38.59912456318406, -90.31537043351483 38.59951447827256, -90.3153898147134 38.59995861572131, -90.31487816950821 38.60009123873235, -90.31342044857681 38.60072010593019, -90.31271274785462 38.6011597261931, -90.31159398929255 38.60222189024447, -90.31090278902987 38.60305205772684, -90.31007707869698 38.60386233690864, -90.30762696122348 38.60358248436403, -90.30734474759582 38.60517866883727, -90.30698321500513 38.60673660077179, -90.30678582394675 38.607758321955, -90.30664303860469 38.60876778506202, -90.31019893931423 38.61052728328183, -90.31116142177777 38.61038704496406, -90.31133662322401 38.6093988354788, -90.31421218081849 38.60971552226884, -90.31543868740386 38.60709229020583, -90.31643003316692 38.60460828236909, -90.31743964607742 38.60195584328908, -90.31830908260815 38.59921175866455, -90.31894984414144 38.59876672729883, -90.3187946818595 38.59854622652639, -90.32048857103223 38.59409687257988, -90.32013712718697 38.59302732711161, -90.31956139267835 38.59222474389418))"
1034,2967,2.93,8215.0,8305.0,2834.0,"POLYGON ((-90.30406909569966 38.60319410399122, -90.29889275627731 38.60268605201651, -90.29804296083383 38.60384896520547, -90.2977898209005 38.60420716153023, -90.29731641253856 38.60455334472898, -90.29678663076174 38.60480309915689, -90.29620605619041 38.6076992291302, -90.29587252473749 38.60941083953102, -90.29647777282139 38.60946470881517, -90.29684720270903 38.60949176911009, -90.29674151972009 38.61000716010916, -90.29650132435221 38.61131269902657, -90.29633880433512 38.61260933067597, -90.29844113969239 38.61236860665873, -90.29936927716501 38.61234120595675, -90.30007894859391 38.61247497236439, -90.30065908517504 38.61288537577537, -90.30167950558787 38.613486129247, -90.3023953801343 38.61352113392764, -90.30394526199821 38.61239087716921, -90.30498288259689 38.61160624554184, -90.30577827538394 38.61090774508125, -90.30729406328831 38.60913595688864, -90.30659858561985 38.60873114019985, -90.30762282539573 38.60357109759072, -90.30406909569966 38.60319410399122))"
1035,1049,3.15,6605.0,7162.0,2274.0,"POLYGON ((-90.3142658164118 38.60973407803495, -90.31131865786423 38.60940324387079, -90.31112671858381 38.61038254831549, -90.31017837831409 38.61053286311287, -90.30728334262278 38.60910443563554, -90.30671610643572 38.60983594278019, -90.3057883257446 38.61091729050865, -90.30441528156216 38.61202719713877, -90.30351019466686 38.61273984324412, -90.3027978132308 38.6132452041424, -90.3016590947248 38.61404331312185, -90.30274041869821 38.61327918774306, -90.30042094184589 38.61486485668909, -90.29897236846865 38.61573739512355, -90.29806278626928 38.61634515189615, -90.29691691957198 38.61701032727572, -90.29546735978197 38.61801332797913, -90.29423973903067 38.61872837878458, -90.29250260541706 38.6197849527391, -90.29104412108849 38.62046024175065, -90.28992643782777 38.62086470850739, -90.28832581753842 38.62122684024705, -90.28800619183913 38.62243469103962, -90.29008508683393 38.62218165757018, -90.29195850407432 38.62190344154656, -90.29422179876548 38.62123436739633, -90.29529959306949 38.62091764077257, -90.30197750925487 38.61877174538641, -90.3089604048381 38.61657256859761, -90.31017214940861 38.61617380368855, -90.31193760560538 38.61532384111963, -90.3142658164118 38.60973407803495))"
1036,2145,3.01,9942.0,10739.0,3568.0,"POLYGON ((-90.30237649827542 38.61352468215296, -90.30167919351553 38.61349835333139, -90.30007665734003 38.61248541520609, -90.2994719539697 38.61235068423435, -90.29844007807573 38.61237159019768, -90.29633276599564 38.61262168660426, -90.29592884160502 38.61267231514391, -90.29526845617433 38.61295550251884, -90.289220363903 38.61235294116564, -90.28460674890142 38.6118990978192, -90.28385590817142 38.61183028063194, -90.28342056011397 38.61431361718368, -90.28283219061503 38.61712685964592, -90.28085835347856 38.6169429638508, -90.2810158857025 38.61874258251596, -90.28045299513798 38.62161044400715, -90.28030770099312 38.62252324975096, -90.28017343056642 38.62318157462433, -90.2838801684514 38.62290500312494, -90.28798511022781 38.62242854349804, -90.28829769898037 38.62120527688979, -90.29055698417686 38.6206684637886, -90.29260094680201 38.61977339856327, -90.30017440454969 38.61507090600269, -90.30237649827542 38.61352468215296))"
1037,3743,2.7,8368.0,8923.0,3305.0,"POLYGON ((-90.29190404293266 38.60196615756399, -90.29182651558266 38.60239851979021, -90.29136135817615 38.60396254060667, -90.2909921937558 38.60455302693902, -90.29028359018741 38.60529650941437, -90.28949523764429 38.60614257728288, -90.28897231479554 38.60698320608192, -90.28562196530333 38.60664926645863, -90.28459589930279 38.61188215625546, -90.29525966066606 38.61294752164048, -90.29592984500304 38.61265448128358, -90.29632457645215 38.61260321356025, -90.29683318881952 38.60950377516586, -90.2958559619147 38.60943427318409, -90.29675740729323 38.60478311564449, -90.29703212392138 38.60471992393018, -90.29735188881261 38.60457950461809, -90.29780412574274 38.60422257110794, -90.29888466975238 38.60268712222081, -90.29190404293266 38.60196615756399))"
1041,4439,2.72,7572.0,8113.0,2983.0,"POLYGON ((-90.31193722892348 38.61534558816516, -90.31151094509077 38.61554071962829, -90.31025389354507 38.61613302774056, -90.30889073257482 38.61660162602914, -90.3066725488531 38.61730834212936, -90.29710146375047 38.62034225446291, -90.29527256548377 38.62092263119077, -90.29577992328785 38.62179047349081, -90.29661630619991 38.62256816245131, -90.29759598830718 38.62397464680272, -90.29898137750791 38.62463241915961, -90.29972868883917 38.62484720172772, -90.30106509586211 38.62507310229178, -90.30126827689661 38.62577766182253, -90.30133554262908 38.62619155527351, -90.30204799211786 38.6262803579906, -90.30557674567658 38.62665754538713, -90.30717139440009 38.62674448880874, -90.30914032828559 38.6269334887894, -90.30919546369917 38.62555778701424, -90.30952229791201 38.62416316623828, -90.30971522649496 38.62314434719291, -90.3100180279388 38.62224834343033, -90.31068396790599 38.6182129340319, -90.31103149879046 38.61764922816948, -90.31193722892348 38.61534558816516))"
1042,5716,2.67,8300.0,8716.0,3264.0,"POLYGON ((-90.30911764302793 38.62693995391029, -90.30716543824256 38.62674910466296, -90.30616939543869 38.62669431140959, -90.30559248628788 38.62666011913448, -90.30419791389983 38.62652234691389, -90.30132827147344 38.62619994247864, -90.301068649868 38.62508499948413, -90.29977211536253 38.6248709667783, -90.29896276645022 38.62462719214684, -90.29759630625442 38.62399247606673, -90.29659611624373 38.62256516932803, -90.29579003512073 38.62179763938752, -90.2952639196963 38.62093578100589, -90.29421250236901 38.62123954039386, -90.29393709506967 38.62270370027831, -90.29310441096665 38.62721549470657, -90.29241597206799 38.63147942272396, -90.29769827049716 38.63201291118121, -90.30044511256951 38.63224857311494, -90.304508617818 38.63264261717619, -90.3055732616377 38.63325479866184, -90.30565753404939 38.6334867882207, -90.30630425105205 38.63357893598858, -90.30680973344674 38.63293554885838, -90.30790453243485 38.63205556180156, -90.30869964988777 38.63010537957708, -90.30883455061196 38.62954546765493, -90.30880602794502 38.62884979474101, -90.30911764302793 38.62693995391029))"
1043,2829,2.83,7861.0,7951.0,2810.0,"POLYGON ((-90.29419353382259 38.62123890037532, -90.29200455319156 38.62190618977133, -90.28387560169033 38.62291510041017, -90.28418871495114 38.62436430945262, -90.284165428988 38.62452867359222, -90.28394509270613 38.62600969125276, -90.28368859265368 38.62757508387359, -90.28546500297891 38.62777273007375, -90.28523731496784 38.62927387330976, -90.28509338522272 38.63010469907233, -90.28499276649528 38.63073232349966, -90.28705478994864 38.6309482877515, -90.29240915055443 38.6314838398603, -90.29307908171494 38.62728469429056, -90.29419353382259 38.62123890037532))"
1044,668,2.36,6667.0,7557.0,3202.0,"POLYGON ((-90.28417359463289 38.62438232918901, -90.28386662919222 38.62290924285143, -90.28015125948937 38.62318562338048, -90.27574093248879 38.62368879542321, -90.27324867719892 38.62398955832514, -90.27205116514091 38.6240950495281, -90.27102977762858 38.62413100307423, -90.27017253660665 38.62409694536098, -90.26935913755764 38.62405230215962, -90.26826575479075 38.62390572047292, -90.26747359713143 38.62373759044917, -90.26669768263253 38.62355740386504, -90.26617807729245 38.62343660495259, -90.2658640686377 38.62329946913213, -90.26554743974435 38.62326269714809, -90.26498490333528 38.62587088280848, -90.2647878815398 38.62726145404121, -90.2645265155596 38.6287609561836, -90.26589351878955 38.62890192297812, -90.26958486136733 38.62926414638198, -90.27138836522627 38.62944434277643, -90.27450738945969 38.62972401806486, -90.2782334526741 38.63008540558324, -90.28064673264861 38.63031227060706, -90.28498274573403 38.63072600058572, -90.28522427885623 38.62925664252674, -90.28545516345446 38.62776802733175, -90.28368585253438 38.6275821090443, -90.28417359463289 38.62438232918901))"
1051,4538,2.49,7265.0,11576.0,4649.0,"POLYGON ((-90.30631059724091 38.63358616589395, -90.30565106939878 38.63348356230759, -90.30558063496125 38.6332745693036, -90.30450953943807 38.63264873079012, -90.30406721345076 38.63428747437613, -90.30392062364372 38.63479774396984, -90.30365522469351 38.63622519677469, -90.30334122794518 38.63843151014169, -90.30282538076409 38.64096485850099, -90.30232937956275 38.64249564741488, -90.30160045515437 38.64445386793722, -90.30134416921027 38.64540730448005, -90.30093810606758 38.64755356710694, -90.30070268627256 38.6493159631038, -90.30059664294765 38.64996014427473, -90.29752391906565 38.64964697711878, -90.29448509480598 38.64935118786208, -90.29382344543494 38.65341703352032, -90.29413957758187 38.65401297322593, -90.29461481788928 38.65494614692454, -90.29416219272883 38.65491154495776, -90.29495240617133 38.65645252584787, -90.29617341441406 38.6588511584375, -90.29669743523588 38.65997906078242, -90.29690610552574 38.6609546128127, -90.29703052564184 38.66152517639068, -90.29745793073364 38.66099775687235, -90.29705623402512 38.66097146713176, -90.29837455515541 38.65936632287259, -90.30012940576701 38.65734499531731, -90.30179791534188 38.65554940245164, -90.30188670747964 38.65505472661219, -90.30212716232361 38.6547710906151, -90.30282399361437 38.65024066878842, -90.30260898847565 38.6498776663675, -90.3027713067394 38.64597582536889, -90.30364888560663 38.64502727928588, -90.30441039030801 38.64353898307085, -90.30486723450738 38.64145284126574, -90.30514458001072 38.63982018821434, -90.30550361737295 38.63859598984022, -90.30557665425574 38.63778262871988, -90.30560689997064 38.63640855909368, -90.30586818390177 38.63560390167958, -90.30602869542726 38.63446294457317, -90.30631059724091 38.63358616589395))"
1052,6731,3.21,5882.0,8192.0,2552.0,"POLYGON ((-90.29448438329942 38.64936758478635, -90.30057094696141 38.64994391427088, -90.30092248520322 38.64762653698737, -90.29142424135671 38.64665458842146, -90.28563582784346 38.64611543122984, -90.2852429773893 38.64867283750882, -90.28295722433421 38.6484402775498, -90.28251299559035 38.65105344107867, -90.28212240249904 38.6534613062925, -90.28207884115065 38.65372538444747, -90.28676173896068 38.65420204345593, -90.29055464829604 38.65456954913666, -90.29415595087174 38.65491064611013, -90.29462790418478 38.65492934157098, -90.29379321236975 38.65339396174895, -90.29448438329942 38.64936758478635))"
1053,6730,3.03,5509.0,5919.0,1953.0,"POLYGON ((-90.29416317669552 38.6617542110713, -90.29662716128207 38.66205863886531, -90.29703122397409 38.66150812346969, -90.29668131167162 38.66000844275847, -90.29580456886498 38.65814054196392, -90.29416154988238 38.65492709010006, -90.2821250522359 38.65372127150255, -90.28198871801587 38.65488922692614, -90.27893601623791 38.65459960922652, -90.27855746975629 38.65693014988778, -90.27834264785906 38.6581171455882, -90.28602778694096 38.65886299120285, -90.28573712133526 38.66088201544023, -90.29416317669552 38.6617542110713))"
1054,5358,3.71,5622.0,7116.0,1918.0,"POLYGON ((-90.29662365059227 38.6620658666558, -90.29424090649442 38.66176491965658, -90.28573391515468 38.66087906037249, -90.28523503387363 38.66397590983095, -90.28318138885808 38.66687215807816, -90.28608529395707 38.66847370827566, -90.28987447926096 38.67047451641648, -90.29318547004226 38.66643588746362, -90.29385502083437 38.66572037402162, -90.29461136702461 38.66473664056929, -90.29512920030788 38.66345457204758, -90.29615978063129 38.66286124274288, -90.29662365059227 38.6620658666558))"
1055,7850,3.75,6904.0,7300.0,1947.0,"POLYGON ((-90.28316564707933 38.66685934228877, -90.28521794438974 38.66400410854844, -90.28601690185637 38.65887996624766, -90.27834400744024 38.65812918453193, -90.27891223094055 38.65480275443853, -90.2731126804854 38.65421958164521, -90.27256042035894 38.6575694444134, -90.26982204475981 38.65731924548141, -90.26629045983775 38.65695651552915, -90.26570653022972 38.66024418951793, -90.27203666463974 38.66090631913913, -90.28316564707933 38.66685934228877))"
1061,9939,3.97,5459.0,5987.0,1508.0,"POLYGON ((-90.28986399612961 38.67049518254746, -90.27617370982178 38.66311152310385, -90.27242088146568 38.6682812578657, -90.28590967547235 38.67554635220861, -90.28680901577943 38.67461864436353, -90.28801308615893 38.67309126758229, -90.28872407930763 38.6721672084829, -90.2888541168374 38.67196465687583, -90.28911206762335 38.67136135589408, -90.28986399612961 38.67049518254746))"
1062,7210,3.8,6572.0,7150.0,1882.0,"POLYGON ((-90.28590734431579 38.67556197227754, -90.27939964550697 38.67205922681317, -90.27270114435829 38.68199601695179, -90.27124956171451 38.68600769079847, -90.27235542296846 38.68672086225651, -90.27520044857104 38.68915933562094, -90.28024019443907 38.68281437131027, -90.28172560477057 38.68105374987293, -90.2831837121619 38.67911251932381, -90.28330874300136 38.67885416977653, -90.28378106025576 38.67816868159499, -90.28443414998264 38.67755477036607, -90.28590734431579 38.67556197227754))"
1063,8325,3.59,6643.0,7592.0,2115.0,"POLYGON ((-90.27123744716073 38.68600316789846, -90.27266373552992 38.68202180184051, -90.27935960180758 38.67204654864187, -90.27564499143857 38.6700161551454, -90.27304792897631 38.67368533849554, -90.27037378976431 38.67249375941948, -90.26569373410518 38.67901451450308, -90.26377927929616 38.6816666338627, -90.26636833101044 38.6828518151907, -90.27123744716073 38.68600316789846))"
1064,6436,3.15,6743.0,7535.0,2392.0,"POLYGON ((-90.26377504410472 38.6816509825322, -90.26730237524521 38.67674174775597, -90.27035962660027 38.6724868426642, -90.26782415055538 38.67138727361059, -90.26604276313512 38.67380872372379, -90.2630183371767 38.67248730270884, -90.26293988198705 38.67258021191521, -90.25652861562797 38.6697588618547, -90.25456760524089 38.67240811908758, -90.25286652546058 38.67483837744458, -90.25181738056578 38.67633154252054, -90.25825639709451 38.67924878850052, -90.26377504410472 38.6816509825322))"
1065,7337,3.42,6577.0,7094.0,2074.0,"POLYGON ((-90.26293666349119 38.67257671697799, -90.26299847117961 38.67248909624863, -90.2660338928674 38.6737801980109, -90.26785053069486 38.67138393288164, -90.27303773475211 38.67366948971964, -90.27562244061511 38.67001165293877, -90.27241984734307 38.66827025672497, -90.26775160724313 38.66577724779309, -90.26491538020615 38.66423011503046, -90.26161380874483 38.66303628163986, -90.25846208385077 38.66722351255886, -90.25746534431997 38.66859214723612, -90.2565260648738 38.66975067923522, -90.26293666349119 38.67257671697799))"
1066,7162,3.47,4610.0,5891.0,1698.0,"POLYGON ((-90.2616142155719 38.66302365565941, -90.26494336559865 38.66422861745697, -90.27241559710723 38.66823853681471, -90.27614817918457 38.66310712344875, -90.2720393375409 38.66090840347417, -90.26211173735754 38.65990184234549, -90.25840034509781 38.659520873525, -90.25505967468263 38.658068992975, -90.25351769996999 38.66020124538557, -90.25530825098883 38.66092135158129, -90.25861014769842 38.66205854866942, -90.26149502244745 38.66304117100233, -90.26157233760175 38.66308079022982, -90.2616142155719 38.66302365565941))"
1067,7589,3.24,6394.0,7870.0,2429.0,"POLYGON ((-90.25181002940685 38.67632627127565, -90.25497028054151 38.67182909281858, -90.2564995529856 38.66975229736993, -90.25939194641086 38.66593750284143, -90.26156260406681 38.66308686341858, -90.2586019628135 38.6620690787315, -90.25526486616727 38.66091167727086, -90.25351666252902 38.66020527883578, -90.25180147762292 38.66260903197898, -90.24822510454955 38.66757068272378, -90.24425881125526 38.67307246463971, -90.25181002940685 38.67632627127565))"
1071,1385,3.17,9488.0,11460.0,3615.0,"POLYGON ((-90.27519629066364 38.68916560055892, -90.27239331855829 38.68675593828745, -90.27067207112458 38.68564922604536, -90.26635461536442 38.68285750866022, -90.2518115299833 38.67634172592883, -90.24807861869202 38.68179260941249, -90.24763025707938 38.68335846086783, -90.24715369290764 38.68514023699765, -90.24671149872759 38.68563432975223, -90.2456860331375 38.68623390944244, -90.25104037806992 38.68845154801662, -90.25524558930334 38.69027507664981, -90.25738054843251 38.69123090912058, -90.25854479094767 38.69192896588608, -90.25934959956987 38.69272008849234, -90.25983967269134 38.69343604372242, -90.26022008993837 38.69424725872852, -90.26043725363758 38.69539356265422, -90.26048690120859 38.69634259180082, -90.26066943446037 38.69743782611216, -90.26108519906754 38.69829669541799, -90.26177232469071 38.69913878293793, -90.26248236008472 38.69971619592778, -90.26365231148621 38.70040220307965, -90.26501446506515 38.70094340267369, -90.26549457876098 38.70112775951119, -90.26588707319108 38.70065576440724, -90.26624382826226 38.70074359347046, -90.26658952251398 38.70015796449685, -90.26720575248788 38.69956135150397, -90.26802157143732 38.69837053790589, -90.27138350264492 38.69421191047753, -90.27145314018995 38.69399451895681, -90.27212552731227 38.69317501004412, -90.27519629066364 38.68916560055892))"
1072,2553,2.77,7321.0,8158.0,2945.0,"POLYGON ((-90.26065000596321 38.69744455751232, -90.26051360575278 38.69653446311727, -90.2604485039296 38.6958090342728, -90.26029308814402 38.69459696876617, -90.25981780807666 38.69466337503497, -90.25740700724347 38.69599247266322, -90.25456295167145 38.69753761402254, -90.25000061240165 38.70002352450275, -90.24561066676381 38.70239408717781, -90.24631915768872 38.70321607073549, -90.24731742253348 38.70436097280938, -90.24942623252808 38.70676621166269, -90.25014519134794 38.70604381629911, -90.25123123351216 38.70493407334089, -90.25285605425054 38.70330934122703, -90.25381564861824 38.70274224997621, -90.25606921960383 38.70139266371564, -90.25787632598217 38.70030800617021, -90.25893339534292 38.69966500958075, -90.26003987189141 38.69896823708972, -90.26035092939799 38.69859969842878, -90.26087478346939 38.69789618351535, -90.26065000596321 38.69744455751232))"
1073,6640,2.81,8407.0,9002.0,3204.0,"POLYGON ((-90.26549848087913 38.70114615515282, -90.26366578702158 38.70041460318434, -90.26248378102687 38.69973103371187, -90.26179673531242 38.69916465786978, -90.26107970002423 38.69831290251759, -90.26087924864574 38.69790348546815, -90.26010569382021 38.69891112062867, -90.25893899724564 38.69967162088882, -90.25768577246028 38.70042693319077, -90.25603219827505 38.70141875948849, -90.2548591522677 38.70213776489898, -90.25356120761442 38.70290564137315, -90.25285786892127 38.70329543419562, -90.24944269908565 38.70675308594703, -90.24628192651798 38.7099408929356, -90.24400938633768 38.71224939077197, -90.24804983893313 38.71359358224793, -90.25096714054847 38.71460048195373, -90.25341392434018 38.71569485030575, -90.25388808475006 38.71593041312025, -90.25578880449184 38.71386842484992, -90.25743765853619 38.71196307233362, -90.25994672944853 38.70884992852487, -90.26206031272795 38.7061592398889, -90.26356945442332 38.70424016984996, -90.26414642790886 38.70338845117055, -90.26522852527422 38.70155217729962, -90.265301763284 38.70136153443742, -90.26549848087913 38.70114615515282))"
1074,5891,3.01,6925.0,7730.0,2568.0,"POLYGON ((-90.25983899277034 38.69465543231296, -90.26028506567474 38.69459059999463, -90.26021871186614 38.69425749438467, -90.25983485759033 38.69344317563676, -90.25932687696601 38.69269462255024, -90.25854509301264 38.69194369891912, -90.25737653427403 38.69123611278031, -90.25422644600165 38.68982992982558, -90.25389193554176 38.69010859006682, -90.25029247249427 38.69210368682882, -90.24102686056496 38.69709935886228, -90.24312175956977 38.69957565754017, -90.24558891340645 38.70238832121453, -90.2505999821821 38.69969296219421, -90.25928983223061 38.69497474519979, -90.25983899277034 38.69465543231296))"
1075,5480,3.23,6945.0,7750.0,2399.0,"POLYGON ((-90.24100693090925 38.69709642641148, -90.251937500015 38.69118806590667, -90.2538868721816 38.69010546421918, -90.25421543489489 38.68983439332811, -90.25093845745988 38.68841141581238, -90.24787160563992 38.68714402104306, -90.24568711097538 38.6862303723619, -90.24307194331476 38.68767649838916, -90.23896055919788 38.68996549438068, -90.23626142747918 38.6914281814523, -90.24100693090925 38.69709642641148))"
1076,4168,3.33,7522.0,7600.0,2282.0,"POLYGON ((-90.23625567752138 38.69142095073243, -90.2388134498065 38.69003512793817, -90.24439139166338 38.68693958137751, -90.24567058819987 38.68623264468186, -90.24671768091277 38.68563374670423, -90.24713323779412 38.68516270539502, -90.24807832415283 38.68179037654964, -90.24523930804627 38.68055650225122, -90.24189231044028 38.67912044732249, -90.24075101636657 38.68062866920317, -90.23926952369725 38.68261516877757, -90.23891475549571 38.68248836206716, -90.23731335682355 38.68213884047712, -90.23692590516561 38.68208506248557, -90.23516838638167 38.6822249487583, -90.2322142513259 38.68257311276774, -90.22931575787891 38.6827170895312, -90.2305895795247 38.68338655726536, -90.22895829228246 38.68369082087135, -90.22996729652851 38.68428928457734, -90.2319643149532 38.68656723949046, -90.23625567752138 38.69142095073243))"
1077,6727,3.11,8602.0,9111.0,2930.0,"POLYGON ((-90.23004072769618 38.68267721050638, -90.23210689687086 38.68257492376572, -90.23516503376389 38.68222313947249, -90.23694697485571 38.68207091398276, -90.23893877810369 38.68248898405857, -90.23925780005203 38.68260019556228, -90.24188965804402 38.67911464865397, -90.2480758667344 38.68176670464944, -90.25179928529606 38.67632934986134, -90.24426198501405 38.67307481946881, -90.241330009138 38.67191226449242, -90.24053952361534 38.67301037398038, -90.23976141228184 38.67413237688145, -90.23947069510662 38.674027198134, -90.23713320081589 38.67715998053776, -90.23628299716975 38.67683163922818, -90.23475086795985 38.67791539736261, -90.23569917700065 38.67840127040957, -90.2345441169919 38.67937270207289, -90.23149673596848 38.68140718032063, -90.23019781327807 38.68228393414911, -90.23004072769618 38.68267721050638))"
1081,3952,2.79,8616.0,9947.0,3565.0,"POLYGON ((-90.25389449387183 38.71593575585445, -90.25093830072198 38.71459433369564, -90.24400281437154 38.71223931420912, -90.24940406753582 38.7067622340621, -90.23855839063712 38.69417432975347, -90.23178791345603 38.69794682280852, -90.23106157151048 38.69881634689541, -90.23064372383452 38.699058956605, -90.22970506912564 38.69957228854238, -90.22950297892747 38.69984517196708, -90.22938603165522 38.70032565804713, -90.22939685512367 38.70090091290729, -90.22938957576299 38.70126905529347, -90.22957740209571 38.70173204657427, -90.22956845147509 38.70211324078839, -90.22957721458312 38.70230749082908, -90.22939133980498 38.70256500323158, -90.22992332152442 38.7038031717776, -90.23013225508755 38.70536867418197, -90.23036786943828 38.71037996517025, -90.23040289563728 38.71187095201703, -90.23011510084015 38.71363295940286, -90.2299122705236 38.71489461117628, -90.23161014235716 38.71505090707932, -90.23596460173677 38.71553470736799, -90.23804179575149 38.71572853002191, -90.23821433934224 38.71574919840499, -90.24151371011241 38.71611202384572, -90.24643637788938 38.71741072002293, -90.25049531222014 38.71849414963231, -90.25178143027985 38.71886044758432, -90.25244605737146 38.71808473738143, -90.25270606085627 38.71775824720657, -90.25379741395233 38.71607612307115, -90.25389449387183 38.71593575585445))"
1082,2876,2.36,7921.0,8958.0,3796.0,"POLYGON ((-90.25177657528373 38.71886787048167, -90.24943587325426 38.71821250824933, -90.24541965232234 38.71714126243868, -90.24193746289497 38.71622603379777, -90.24129044732499 38.71608911106416, -90.23375091659491 38.71529700634991, -90.22990842950816 38.71489397362045, -90.22932343347206 38.71834728516026, -90.23535075347957 38.71899745174223, -90.23750564002512 38.71921479492202, -90.23816507854437 38.71925951668136, -90.23994484074801 38.72217450120992, -90.24030561468363 38.72215024652752, -90.24054852535009 38.722277646727, -90.24064833648826 38.7224477352824, -90.24062902699569 38.72269205835727, -90.2404613338488 38.72284992664186, -90.24039452404178 38.72286967650625, -90.240643919349 38.72330062898904, -90.25177657528373 38.71886787048167))"
1083,2814,2.61,8478.0,8941.0,3426.0,"POLYGON ((-90.24064200156053 38.7232979010172, -90.24038845066126 38.72286644663121, -90.2404583339645 38.72284455126363, -90.24062255729595 38.72269413769565, -90.2406448577063 38.7224406597799, -90.24054093877669 38.72227570409638, -90.24031994107769 38.72215556035041, -90.23994381540373 38.72217358460407, -90.23816061340054 38.71926518535295, -90.23750081437474 38.71922166225983, -90.23647920737471 38.71910649670944, -90.23418554202019 38.71887883608826, -90.22932883085778 38.71834640425653, -90.22911121314841 38.71950558586126, -90.22842218135654 38.72368450895276, -90.22792726625805 38.72633170060703, -90.22788591190999 38.72679411609917, -90.22802633515582 38.72814668307546, -90.22937594453754 38.72765559700483, -90.2311780070202 38.72700241481119, -90.23699416978579 38.72476325886345, -90.23810794364246 38.72425888495349, -90.23870341775421 38.7236671481578, -90.24000629776458 38.72325534435218, -90.24048998244083 38.72334295407715, -90.24064200156053 38.7232979010172))"
1084,1078,2.66,7048.0,7311.0,2748.0,"POLYGON ((-90.22989582795392 38.71493141407457, -90.22714407671909 38.71643182059044, -90.22154234120643 38.71948771224761, -90.21646565509251 38.71885229043459, -90.21620247984188 38.7211969221929, -90.21559772950127 38.72384844184887, -90.21528412095883 38.72420689956281, -90.21465737021663 38.72625965701568, -90.21431951835639 38.7273889506713, -90.21395573996075 38.72806961538163, -90.21419263328124 38.72923439571293, -90.21297239134172 38.73138845204794, -90.21175405197417 38.73281931273685, -90.2111771343268 38.73297563638493, -90.21099427164415 38.73337637886714, -90.21001720401451 38.73445357060027, -90.20613203166992 38.73765969554209, -90.20194881904203 38.74053608520704, -90.19778135994358 38.7430072609063, -90.19255021240342 38.74603133626048, -90.18769544749827 38.74896245185103, -90.18602652803636 38.75067610187335, -90.18235605747137 38.75583308364218, -90.18160247754437 38.75892696136768, -90.18043984083666 38.76199093658236, -90.17869649030241 38.76577376151371, -90.1776966694883 38.76876235872547, -90.17638825968614 38.77147912484455, -90.17559743970921 38.77290193591928, -90.17511654265132 38.77345815334183, -90.18202575515636 38.77405722871963, -90.18367697021455 38.77435093253938, -90.18379271351475 38.77249643312516, -90.18403564212898 38.77066402121697, -90.18433965561321 38.76936437462915, -90.18447447252142 38.76862906127826, -90.1844931707612 38.76793990375668, -90.18519123963817 38.76493208650694, -90.18622060418774 38.76150237313521, -90.18751252577594 38.75985188706616, -90.19059592160831 38.75641859665281, -90.19326860174982 38.75373566189053, -90.19526462685869 38.75137834884762, -90.19558905502734 38.75087366757902, -90.196066566645 38.75052114458713, -90.19619531337122 38.75014225169973, -90.1976364074519 38.7488755231051, -90.20404597285646 38.74304144585454, -90.20560406260473 38.74182682215675, -90.20804302154585 38.73966438966716, -90.2106523043648 38.73744780740395, -90.21349556086632 38.73568217676522, -90.21802170311398 38.73354303233448, -90.22170056286407 38.73056152135899, -90.22325760198424 38.72962814871833, -90.22462974224332 38.72908037838891, -90.22802752526827 38.72813372496141, -90.22787885040744 38.72677259383477, -90.22884247034236 38.72105329687806, -90.22989582795392 38.71493141407457))"
1085,1778,2.27,6750.0,6867.0,3025.0,"POLYGON ((-90.21647118678564 38.718818442707, -90.22153449185474 38.7194666822875, -90.22987463229376 38.71494168942327, -90.23036947407176 38.71192400073662, -90.23016092628821 38.70668157782321, -90.23005664454364 38.7047953019384, -90.22989490565269 38.70378120861892, -90.22936978553554 38.70255599968863, -90.22950614256824 38.70232975356314, -90.22956197782388 38.70175521563217, -90.22938326518937 38.70129735730659, -90.22937673708725 38.70031589782664, -90.22948825307593 38.69984915466534, -90.22968958783255 38.69957122757628, -90.23104647323431 38.69879826295394, -90.23185300826964 38.69789989312904, -90.23853146612748 38.6941800631538, -90.23778924881789 38.69328877264727, -90.235813861222 38.69093805415611, -90.22994564210184 38.68429752799508, -90.22896774143598 38.6837130495275, -90.2265344972996 38.68243737976152, -90.22497867189939 38.68389645409696, -90.22459783846494 38.6842766755187, -90.22052002377575 38.68633507804719, -90.2182254076704 38.68752668987715, -90.21813422560462 38.68749126700158, -90.21702617845642 38.68629357250655, -90.21050290453927 38.68977183622664, -90.20784232208338 38.69132553704391, -90.20741673852467 38.69168655288637, -90.20595668515132 38.6928762013852, -90.20720924639242 38.6953329064056, -90.20972551867415 38.69835514391418, -90.21156562753221 38.70079545666796, -90.211833386834 38.70183932685195, -90.21300304087698 38.70243855249385, -90.21475854590024 38.70482896467987, -90.2159244817838 38.70825290620255, -90.21690478048841 38.71138609065615, -90.21714477055826 38.71508743183581, -90.21647118678564 38.718818442707))"
1091,6918,3.53,8609.0,9522.0,2697.0,"POLYGON ((-90.22052529483949 38.68632095069756, -90.22458740974628 38.68427019121277, -90.2265057825785 38.68242407526481, -90.22894781224251 38.68368047426104, -90.23055776767511 38.68337387342094, -90.22930313609619 38.68271512278493, -90.23003533140101 38.68267109958328, -90.23020094942639 38.68228156689067, -90.23457658163998 38.67934765198293, -90.23070823968897 38.67765340720575, -90.22862204370846 38.67642520679514, -90.22698216577147 38.67544831067826, -90.22534902648628 38.67447184167865, -90.22368751663439 38.67370185783079, -90.22223768692963 38.67311698782078, -90.2214632308865 38.67230010310985, -90.21965709059685 38.67156309716151, -90.21848179145748 38.67298887887483, -90.21817250202611 38.67329171865865, -90.21555966374737 38.67583962739819, -90.21390759962354 38.67743356794495, -90.21257418983465 38.67870281333615, -90.21223990580935 38.67902608515062, -90.21038646658461 38.68002037772551, -90.21405021595737 38.68209597184732, -90.21745584138604 38.68401495243889, -90.21859957210587 38.68485008586967, -90.22052529483949 38.68632095069756))"
1092,401,2.78,5625.0,8466.0,3045.0,"POLYGON ((-90.20593683682206 38.69285543431764, -90.20831287911888 38.6910480305797, -90.21702771380259 38.68630714483292, -90.21822722282171 38.68751555236266, -90.22052333606612 38.68633503917403, -90.21760430122836 38.68413201012698, -90.21036707775707 38.68000887696031, -90.20460335776926 38.68307228162077, -90.19924951962064 38.68628183786394, -90.20105655181536 38.68796413025731, -90.20319167505188 38.68950941056674, -90.20493828912713 38.69143867710474, -90.20593683682206 38.69285543431764))"
1093,3910,2.79,5106.0,6042.0,2166.0,"POLYGON ((-90.19923906176211 38.68625849123413, -90.2045699303857 38.68306331768998, -90.21220512323717 38.67900938215788, -90.21819009131218 38.67327734000531, -90.21842673082105 38.67304175321257, -90.21965847552636 38.67155791794085, -90.2156555928006 38.6699604857108, -90.21424537235785 38.67156612088261, -90.21099196710861 38.67330621903212, -90.20610714787254 38.67591282565012, -90.19667087664081 38.68090515742477, -90.19502044316502 38.6818138090711, -90.19574387883918 38.68274812593297, -90.19635822414428 38.68348276717389, -90.19689489925611 38.68413701808679, -90.19723164828007 38.68468760280508, -90.19798248613958 38.68553264557325, -90.19865744164674 38.68598160338651, -90.19923906176211 38.68625849123413))"
1094,2613,2.97,5763.0,6822.0,2297.0,"POLYGON ((-90.19502158986036 38.6818135059044, -90.20615178094333 38.67589944223072, -90.21423030017993 38.67157270357139, -90.21565198808152 38.66996068470917, -90.2128701633772 38.66872946964705, -90.21224809069382 38.66959059170782, -90.21109533293222 38.66906970762482, -90.20852255003071 38.67047113643201, -90.20661600060342 38.67151703884539, -90.20588269844217 38.67188656114723, -90.20448776569029 38.67290150328845, -90.20386306221585 38.67323107780608, -90.20099585348413 38.67468924396133, -90.19843189730598 38.67604303469128, -90.19269024265385 38.67910097592851, -90.19304800669491 38.67951409625178, -90.19372547676826 38.68022296946224, -90.19404298221261 38.68069730081678, -90.19437658045865 38.68120679866093, -90.19474320043346 38.68157487956831, -90.19491543843581 38.68169369187628, -90.19502158986036 38.6818135059044))"
1095,3073,2.71,6080.0,6925.0,2555.0,"POLYGON ((-90.19267068676187 38.67909190834583, -90.19530849137146 38.67770130728967, -90.19841841648942 38.67604626879278, -90.20419810369 38.67303680833655, -90.20454276477484 38.67286691362872, -90.20590059699994 38.67187359635927, -90.20801652309976 38.67074707035229, -90.21108911291701 38.66906858993414, -90.20923153341647 38.66775482089835, -90.20733349795921 38.66409790414951, -90.20517203988004 38.66481674524918, -90.20046310460306 38.66634563556733, -90.1952075735198 38.66917321802577, -90.18982024219207 38.67110022478973, -90.18882270933103 38.67143698228141, -90.18882975303863 38.6719456366306, -90.18908682581602 38.67227617882568, -90.18914056031791 38.67328265052943, -90.18960318674223 38.67424372630084, -90.18977187145337 38.6750687288286, -90.189915256733 38.67577739617167, -90.19086765728147 38.67674492421826, -90.19177759788465 38.67785995087315, -90.19267068676187 38.67909190834583))"
1101,7446,3.35,6577.0,7141.0,2132.0,"POLYGON ((-90.2307066442722 38.67764390009346, -90.23455861236752 38.67933813638411, -90.23569305983429 38.67840853914707, -90.23474316056044 38.6779078990716, -90.23628252433944 38.6768249287748, -90.23713116292298 38.67715743430169, -90.23944636963176 38.67401644262362, -90.23973659555402 38.67411988407615, -90.24132569699862 38.67189869597303, -90.24424354971859 38.67305628586922, -90.24572985096965 38.67101184245521, -90.24691390262599 38.66937167255891, -90.24821311771706 38.6675691431053, -90.24044411691268 38.66418505090628, -90.2377014293924 38.66809490554911, -90.23555163218096 38.67096095219424, -90.23295189413855 38.67451913602076, -90.2307066442722 38.67764390009346))"
1102,7103,3.57,6878.0,7183.0,2012.0,"POLYGON ((-90.21964964850754 38.67154909618266, -90.22146240331149 38.67230156746435, -90.22220091589334 38.67311479548123, -90.22520430547847 38.67440639069604, -90.23070160999339 38.67763054678047, -90.23294900406205 38.67453618849984, -90.23562308773161 38.67086715346584, -90.23641779541018 38.66977599945662, -90.23338457787244 38.66843627898598, -90.23177047318033 38.67064947156423, -90.22725154439642 38.66868313139829, -90.2263089293055 38.67006266450448, -90.22204072096497 38.66819692540457, -90.22074813894825 38.67002757564289, -90.22077379690376 38.67010334522983, -90.22005908766698 38.6710309676201, -90.21964964850754 38.67154909618266))"
1103,7324,2.99,5391.0,6027.0,2016.0,"POLYGON ((-90.22726446179195 38.66867570537298, -90.23177326795648 38.67063654347364, -90.23338272784051 38.66844130452954, -90.23643055127459 38.66975923518472, -90.24042834109824 38.66422244736471, -90.23346458417036 38.66115334187245, -90.22899058424596 38.6591985607655, -90.2250338179234 38.66476774295078, -90.22884228178661 38.66644098932198, -90.22726446179195 38.66867570537298))"
1104,6923,3.51,5216.0,6038.0,1720.0,"POLYGON ((-90.22503314552441 38.6647581516246, -90.22899705859365 38.65918163106632, -90.22431886508069 38.65715992386941, -90.22469072523793 38.65663582378996, -90.22111030585137 38.65505354655277, -90.21762578258307 38.6533925250604, -90.21573583240763 38.65604901707566, -90.2132041042433 38.65958388540786, -90.22503314552441 38.6647581516246))"
1105,6209,3.4,5798.0,7222.0,2124.0,"POLYGON ((-90.20847530483596 38.66628975515889, -90.20923940223204 38.66775066780133, -90.21109927305417 38.66906816159183, -90.21223839417223 38.66958141731796, -90.21285938726022 38.66872716152712, -90.21566335993252 38.66995831238404, -90.21964253850986 38.67155126956679, -90.22076954678022 38.67010017035089, -90.22074354442215 38.67003116037923, -90.22203768810397 38.66820408317895, -90.226304530665 38.67004945019075, -90.22882737764222 38.66644568824638, -90.2132197826671 38.65957184126072, -90.2122548088975 38.66093020569326, -90.21206929655119 38.66126718458332, -90.21187335923621 38.66155262551215, -90.21139356403962 38.66212965332257, -90.21014369162887 38.6639338106099, -90.20932637170557 38.66510302679815, -90.20847530483596 38.66628975515889))"
1111,9109,2.91,3482.0,4706.0,1617.0,"POLYGON ((-90.24663088098269 38.65436887042819, -90.24873986351923 38.65147161324408, -90.2516196180447 38.65276105629014, -90.25279882238119 38.65118319175809, -90.24986478228584 38.64989928051308, -90.24174567449691 38.64633589813009, -90.23709558823776 38.64426768828609, -90.23632173804242 38.64541369223709, -90.22929021331726 38.64234851708303, -90.2273233442022 38.64585423264791, -90.24663088098269 38.65436887042819))"
1112,7878,3.0,3945.0,4996.0,1665.0,"POLYGON ((-90.24282029308613 38.66519814144522, -90.24819519119769 38.66752000834318, -90.25508706239327 38.65803949213181, -90.24958809824379 38.65565445267161, -90.25164783104748 38.65279474766569, -90.24870639167352 38.651441126566, -90.24662616877065 38.6543959313572, -90.23858986695764 38.65082159567334, -90.23707092418843 38.65299233526971, -90.24031010157194 38.65443294430582, -90.24806666145996 38.65782584187441, -90.24282029308613 38.66519814144522))"
1113,6674,2.91,3598.0,4632.0,1592.0,"POLYGON ((-90.23346746622607 38.66111726262788, -90.24279625405974 38.66518051391387, -90.24804579136209 38.65784963590432, -90.23766309044512 38.65325252191881, -90.23550054649237 38.65632512455719, -90.23370964835995 38.65883937331501, -90.23476864802232 38.65931435921836, -90.23346746622607 38.66111726262788))"
1114,7357,3.19,3950.0,5035.0,1578.0,"POLYGON ((-90.22433866028013 38.65714407440761, -90.23345370087443 38.66112425600686, -90.23476776525794 38.65931229986341, -90.23369271718812 38.65883258811687, -90.23548786958112 38.65632632967186, -90.23764745959599 38.65326339323492, -90.23706529181706 38.6529982060252, -90.23857559480903 38.65082082315215, -90.23389607072782 38.64875098531017, -90.23234597704516 38.65093879437971, -90.22965034031786 38.64973627704242, -90.22433866028013 38.65714407440761))"
1115,5914,3.39,3056.0,4515.0,1332.0,"POLYGON ((-90.22468512314595 38.65662677178604, -90.22964607129063 38.64972032260965, -90.23234313492281 38.65092774427105, -90.23389082027269 38.64876651698982, -90.22733492324299 38.64586205554739, -90.22599640576414 38.64816779308659, -90.22452505149982 38.64752868557984, -90.22244845730256 38.64709947326964, -90.21996705919132 38.64657159553801, -90.21997126731831 38.65299974101375, -90.21919275066779 38.65413036531877, -90.2211474979366 38.65506049973553, -90.22468512314595 38.65662677178604))"
1121,7128,2.0,5021.0,8391.0,4196.0,"POLYGON ((-90.28562857575108 38.646106348025, -90.30091485562882 38.64762231698786, -90.30122445499097 38.64603999632183, -90.30131542718533 38.6454928383115, -90.3015634826902 38.64454027718951, -90.30232541934879 38.64245878488888, -90.30273136512677 38.64129221439975, -90.30311189949282 38.63944852101341, -90.30343480715945 38.63762941825004, -90.30354673763615 38.63690066022995, -90.30374542469225 38.63557080966074, -90.30388034653643 38.6348251915437, -90.30405923626732 38.63425857492714, -90.30452502214374 38.63265031381735, -90.30020088721437 38.63224875889314, -90.28665470438578 38.63090948631334, -90.2779224496671 38.63008119419041, -90.26729748173855 38.62903471702395, -90.26453544407259 38.62875781163551, -90.26451689248432 38.62925825627204, -90.26487915041535 38.62998160732731, -90.26575605319844 38.63130642404877, -90.26621791775587 38.63219668264841, -90.26646320892337 38.63385131322201, -90.26639142929785 38.63529833273663, -90.26567108687257 38.639630187794, -90.2648602957576 38.64393892072025, -90.26350816000495 38.6515931424199, -90.27071695450699 38.65230080282699, -90.27261435022726 38.65250587029549, -90.27338228058831 38.65267589944175, -90.27423885786574 38.6529000822576, -90.27463438271981 38.6529631742065, -90.27695975247384 38.65321539520383, -90.27797853996047 38.653321576652, -90.2820745887342 38.65372051525745, -90.282952406896 38.64843259370892, -90.28522876012359 38.64866341124971, -90.28562857575108 38.646106348025))"
1122,6085,3.18,5008.0,6166.0,1939.0,"POLYGON ((-90.26210388452512 38.65988694334874, -90.26569554534667 38.66024620634467, -90.26627884656978 38.65692509309207, -90.2725500714425 38.65756277755487, -90.2731099875178 38.65421632235733, -90.27888866532415 38.6547932063613, -90.27893987395838 38.65459782062167, -90.28198004266187 38.65488556237177, -90.28212013562138 38.65373321862897, -90.282034924912 38.65371598768845, -90.27463607230843 38.6529556648591, -90.27420811283952 38.65289243528994, -90.27381428373332 38.65278819157824, -90.27330020884789 38.65265635484926, -90.27261217464941 38.65251112313265, -90.26714272065105 38.65195298519096, -90.26351470649819 38.65159579643589, -90.26210388452512 38.65988694334874))"
1123,6166,3.1,4941.0,5675.0,1831.0,"POLYGON ((-90.25281381576541 38.65118286671611, -90.24959733318427 38.65564549363496, -90.25834883510187 38.6595184387462, -90.26210046679932 38.65988679776663, -90.26351330203823 38.65157593640652, -90.25878887949546 38.65120222176297, -90.25488103224366 38.65085371974404, -90.25347696316527 38.65023757384275, -90.25281381576541 38.65118286671611))"
1124,5261,1.86,5606.0,10291.0,5533.0,"POLYGON ((-90.25347802210969 38.65024143355117, -90.25489358494345 38.65085163054488, -90.25973688224532 38.65127021289416, -90.26349919842956 38.65156662085393, -90.26420099578942 38.64764500448544, -90.26484801052877 38.64394742916921, -90.26567237219899 38.63960779437573, -90.26640818987821 38.63510423931688, -90.26320754934245 38.63478353998089, -90.26274048264091 38.63715636962927, -90.26204522822039 38.64109696918287, -90.26170137467693 38.6432467573964, -90.25795185155522 38.64246130499907, -90.25702259353343 38.64525774026411, -90.25503977808917 38.64805971367906, -90.25347802210969 38.65024143355117))"
1131,6256,2.53,7482.0,8157.0,3224.0,"POLYGON ((-90.28385061914534 38.61182606523669, -90.28459196834902 38.61189012619576, -90.28510409106545 38.60930139267697, -90.28561588721561 38.60663660267922, -90.28896026643403 38.60697717498336, -90.28921661624152 38.6065931177922, -90.28955823381447 38.60606852160989, -90.29021846289412 38.60535709303829, -90.29095642223542 38.60459263040048, -90.29135432295001 38.60396383884262, -90.29150967101735 38.60343334627643, -90.2917385153073 38.60265233166513, -90.29181128029039 38.60239986422837, -90.29190917325435 38.60197258254077, -90.28436396984826 38.6011929400733, -90.2772089779763 38.60045455815231, -90.27707026302687 38.60082784149922, -90.27667842654257 38.60135801767871, -90.27590074771686 38.60566601876692, -90.27549325311975 38.60826129243404, -90.27505807716504 38.61097450798177, -90.28077502726188 38.61153366166366, -90.28385061914534 38.61182606523669))"
1132,3079,2.76,7939.0,8479.0,3072.0,"POLYGON ((-90.28092185386463 38.61766707759631, -90.28085059862426 38.61694166612988, -90.28283125947696 38.61714647988908, -90.28384925732635 38.61183222824903, -90.28029876045291 38.61149019763572, -90.27505187861038 38.61097561173225, -90.27368463095344 38.6111921141703, -90.26766397136065 38.61264229653134, -90.26696336540908 38.61623671681237, -90.27263542162328 38.61678771105996, -90.27676316277551 38.61722522131612, -90.28092185386463 38.61766707759631))"
1133,1178,2.8,7667.0,7998.0,2856.0,"POLYGON ((-90.26554660468636 38.62325871183307, -90.26586852943743 38.62329237345755, -90.26618293458854 38.6234383560133, -90.26829423203775 38.62390792483707, -90.26935484308036 38.62405109934893, -90.27104864828318 38.62413136614924, -90.27219414206353 38.62407130908656, -90.2760331130799 38.62365773012012, -90.27814230518575 38.62341087377995, -90.2801685135899 38.62318482012843, -90.28031441772289 38.62245626208937, -90.28049394723882 38.62129609966939, -90.28087775496239 38.61943237925365, -90.28101096084255 38.61874728186321, -90.28091335986957 38.61765849057508, -90.27705974515948 38.61725098335482, -90.27067892976397 38.61660064899379, -90.26696498768244 38.61623258549352, -90.26554660468636 38.62325871183307))"
1134,1420,2.53,5985.0,7399.0,2925.0,"POLYGON ((-90.26766320683546 38.61263882539012, -90.27215381366949 38.61155141137244, -90.27339823198186 38.61126006408019, -90.27505317037786 38.61097456960412, -90.27667508141563 38.60138739656772, -90.27708625712974 38.60079555877822, -90.27720064769269 38.60044822638591, -90.27022867126188 38.59973378998601, -90.26766320683546 38.61263882539012))"
1141,11028,2.27,7871.0,9473.0,4173.0,"POLYGON ((-90.27133568687903 38.59443286379315, -90.27595355506391 38.59493345668682, -90.2825828223191 38.59564622047475, -90.2928172730408 38.59672269837313, -90.30054742952548 38.5974845251402, -90.30206568603157 38.59237375741663, -90.30301133230793 38.59189532342226, -90.30368315604994 38.58792258190952, -90.30454126951523 38.58250772912642, -90.2991896504642 38.58197243110416, -90.29581749015657 38.58162636975904, -90.29333043190847 38.58205718134393, -90.29252274192802 38.58686418475241, -90.29215310134494 38.58862089913785, -90.29168040658554 38.59129658139223, -90.28363848696429 38.59044136987743, -90.27467346997514 38.58949298888957, -90.27327044874265 38.59146900161276, -90.27137832377605 38.59422745530351, -90.27133568687903 38.59443286379315))"
1142,6534,2.48,8550.0,9462.0,3815.0,"POLYGON ((-90.2702292176119 38.59972591306266, -90.29890340283177 38.60268311667355, -90.30009121415286 38.60010561983514, -90.30055011252912 38.59748772775858, -90.27132776217961 38.59443370550245, -90.2702292176119 38.59972591306266))"
1143,7620,2.74,8992.0,9612.0,3508.0,"POLYGON ((-90.2746736799777 38.5894913913394, -90.29167438392683 38.59128895033612, -90.29332709244675 38.58206119160869, -90.2919311113542 38.58229821892208, -90.27885047298545 38.58095284764236, -90.27720778031259 38.5840103706296, -90.27673001570653 38.58479283719253, -90.27655906287907 38.58538075396875, -90.27627872739464 38.5869984134356, -90.27621427682041 38.58724040922844, -90.2746736799777 38.5894913913394))"
1151,4612,2.65,8179.0,8270.0,3121.0,"POLYGON ((-90.27326326955109 38.59146865389141, -90.27620398016433 38.58724023242894, -90.27629115812053 38.58690302802952, -90.27655430437363 38.58535196050983, -90.2767216855007 38.58479990473086, -90.27717056538181 38.58406891201578, -90.27883878698589 38.58095949974652, -90.27708980360687 38.58072974138008, -90.27573960691785 38.57973758395539, -90.27076733917733 38.57969730013458, -90.27048789732727 38.57961176517026, -90.26981202084669 38.57916625924358, -90.26965858847505 38.57933642117669, -90.26729865861877 38.58120654912477, -90.26598845215786 38.58494259487193, -90.26507526174248 38.58752360485133, -90.26435200024628 38.58955556694366, -90.26402444560721 38.59041726305622, -90.27326326955109 38.59146865389141))"
1152,3804,2.21,7204.0,7882.0,3567.0,"POLYGON ((-90.27026499939845 38.59954959843529, -90.27137875784513 38.59422051126634, -90.27325733034171 38.59147129172875, -90.26402635054801 38.59042594269032, -90.26729442468347 38.58121275744811, -90.26551854078757 38.58261608495102, -90.26198683215853 38.58527312369471, -90.25834505709784 38.58825359387494, -90.25962635427278 38.58895519813306, -90.25968904030323 38.58995831227694, -90.25838862691309 38.58984434873412, -90.25795032002151 38.5925197596963, -90.25959683247778 38.59271482522686, -90.25882322003403 38.59777786218645, -90.25867464922642 38.59868388271126, -90.26198497978292 38.59901797942513, -90.26203649983785 38.59866089208869, -90.26781165123076 38.59924990589602, -90.27026499939845 38.59954959843529))"
1153,7177,2.78,8188.0,8811.0,3169.0,"POLYGON ((-90.25833928023823 38.58825291112927, -90.26186589600155 38.58536788021064, -90.26689815816457 38.5815099266396, -90.26343274548978 38.57967520025126, -90.25067573529326 38.57294431065618, -90.24745735034467 38.57678139368421, -90.24446936576805 38.58039685776845, -90.24423023236074 38.58074014238137, -90.24420066914924 38.58085910057156, -90.24459802058576 38.58098561726336, -90.25310867681131 38.58548462900083, -90.25833928023823 38.58825291112927))"
1154,3999,2.75,7679.0,7824.0,2845.0,"POLYGON ((-90.25067959651771 38.57294589906779, -90.26690796972852 38.58150555696237, -90.26964972652293 38.57934776999109, -90.26830632918569 38.57864221868362, -90.26911030978799 38.57630988834698, -90.25440895552786 38.56855031164483, -90.25067959651771 38.57294589906779))"
1155,7447,2.43,6387.0,7272.0,2993.0,"POLYGON ((-90.24419914965527 38.58085852524983, -90.24422820264535 38.58074217815776, -90.25442069308897 38.56849602521463, -90.24601181289252 38.5640826333133, -90.24313532061495 38.56806715305752, -90.24205600553563 38.56964928405766, -90.23981494933987 38.58037573108082, -90.24419914965527 38.58085852524983))"
1156,6368,2.49,7126.0,7429.0,2984.0,"POLYGON ((-90.23980114095821 38.58037518091673, -90.24204929568437 38.5696560982184, -90.24699360075014 38.56261002996072, -90.24666982153535 38.56213217525243, -90.24315088540588 38.56027330456674, -90.24186902590752 38.55946154971959, -90.24032644249341 38.56104698029138, -90.2400339943448 38.56188490170133, -90.23748662721846 38.56503911801289, -90.23602744724677 38.566916060224, -90.23465847363777 38.56866446914326, -90.23290047213756 38.57120902216429, -90.23030167180558 38.57331649761694, -90.22995332659387 38.57385694793138, -90.2285513362374 38.57418678027954, -90.22599613904198 38.57637323798158, -90.22994521296661 38.5791443114077, -90.23980114095821 38.58037518091673))"
1157,5021,2.42,7048.0,7448.0,3078.0,"POLYGON ((-90.22310841999432 38.58199597907953, -90.2276909662353 38.5825383557484, -90.24136323281309 38.58426233799994, -90.24488501053486 38.58470069881259, -90.2449740613704 38.58525969475212, -90.25147183578781 38.58594181795551, -90.25186528637254 38.58598829176749, -90.25246528582252 38.58621849838512, -90.25311566285723 38.5854927655063, -90.24459538367478 38.58098554606794, -90.24419165161387 38.5808601875445, -90.22995702016409 38.5791482640746, -90.22599292654928 38.57637288682359, -90.22260149781341 38.57885893467472, -90.22419342981794 38.5801671602562, -90.22463235431225 38.58033065576618, -90.22566897108928 38.58044641709883, -90.22310841999432 38.58199597907953))"
1161,4083,2.3,8013.0,8481.0,3687.0,"POLYGON ((-90.25881824618807 38.59778448550799, -90.25958771572868 38.59271794702212, -90.25794997722492 38.59251656411443, -90.2583836263521 38.58984093150915, -90.25967797579588 38.58995321660001, -90.25962009896675 38.58894027815707, -90.25311268451038 38.58548802875691, -90.25247082837538 38.58622116845313, -90.25219793652541 38.58666783555604, -90.2521456867695 38.58681289419497, -90.25212110579626 38.5869505422819, -90.25147057144927 38.59089732387931, -90.25130983737849 38.59172353235593, -90.25161786423708 38.59220889679543, -90.25174829441927 38.59252051518236, -90.25174294468019 38.59277057868179, -90.25159154191392 38.59361675771856, -90.2515453054191 38.59384158683358, -90.25127439146247 38.59402613348617, -90.25103132011154 38.59419096708726, -90.25088675505266 38.59492370597176, -90.25057405587764 38.59690233825435, -90.25881824618807 38.59778448550799))"
1162,7011,2.73,7695.0,8116.0,2973.0,"POLYGON ((-90.2682263069162 38.60976019719929, -90.26917399482763 38.60503445288558, -90.27024122172651 38.59956140108427, -90.26204781713172 38.59863097561769, -90.2619868029889 38.59902984685367, -90.25867881421168 38.59868740812722, -90.25881133726328 38.59779041161601, -90.25057934670131 38.5969049519719, -90.24985366260046 38.60144242861847, -90.24952078579771 38.60349803867823, -90.24282027963355 38.60288419067859, -90.2422936897127 38.60284012523547, -90.2418549521651 38.60498378611646, -90.24139883590021 38.60718552833091, -90.2682263069162 38.60976019719929))"
1163,8597,2.55,7361.0,7859.0,3082.0,"POLYGON ((-90.24228556649327 38.60283620742836, -90.24951386744844 38.60348814525518, -90.24967705882254 38.60252421134281, -90.25039902841499 38.59790837045504, -90.2510053216084 38.59421919367946, -90.25154410002932 38.59385135403733, -90.25166948778683 38.59317428888304, -90.25174464117018 38.59276433646207, -90.25173610047233 38.5925320385042, -90.25161238577816 38.59220079249363, -90.25130529787202 38.59172532638819, -90.25211753810564 38.58687909986479, -90.25245357186266 38.58624159687021, -90.25184949624543 38.58598219258647, -90.24498336355576 38.58525689643216, -90.24228556649327 38.60283620742836))"
1164,6519,2.32,6223.0,6914.0,2980.0,"POLYGON ((-90.24312257613538 38.59735198838147, -90.24496874812625 38.58529958896259, -90.24486989064334 38.58469552374384, -90.24135976189194 38.58426979163678, -90.24062833908931 38.58783485911504, -90.23605631886805 38.58725972022312, -90.23460728925903 38.59441424999702, -90.23345422546309 38.59427377622698, -90.23309057745624 38.59607247101491, -90.24312257613538 38.59735198838147))"
1165,6230,2.54,7601.0,7874.0,3100.0,"POLYGON ((-90.24158333854641 38.60629529423515, -90.24228605827737 38.60285103561939, -90.24312283529444 38.59736272793805, -90.23309688641633 38.59607299383904, -90.23203603201951 38.60105559845858, -90.23129864330261 38.6047329833219, -90.23307750766104 38.6052126891042, -90.2335243719732 38.60530185223991, -90.24158333854641 38.60629529423515))"
1171,3052,2.41,6815.0,8208.0,3406.0,"POLYGON ((-90.26609199687908 38.62057085652305, -90.26823387305892 38.60976809036641, -90.2579430686727 38.6087782350621, -90.25580807705792 38.61960072135347, -90.25841441298026 38.61983672606582, -90.25925868046122 38.61916268795371, -90.261005696404 38.6199649752548, -90.26163126959277 38.62011328457164, -90.26609199687908 38.62057085652305))"
1172,10877,2.84,6854.0,7833.0,2758.0,"POLYGON ((-90.25581104745405 38.61958412213808, -90.25792072080851 38.60879538493926, -90.24653810857846 38.60767894894902, -90.24570896869794 38.61280717226895, -90.2444128685419 38.62130764652314, -90.24710505953458 38.62152682988201, -90.24752112810042 38.6188372262346, -90.25581104745405 38.61958412213808))"
1173,7283,3.1,4773.0,5949.0,1919.0,"POLYGON ((-90.24441975103926 38.62128305032184, -90.24552661638181 38.61397489880682, -90.24001995029407 38.61344423823899, -90.22863032219935 38.61199803127599, -90.22776760994186 38.61607896654601, -90.2271060508112 38.61917083329812, -90.23287703992756 38.61996594096277, -90.23861836800882 38.62066855401768, -90.24253538706806 38.62114265641339, -90.24441975103926 38.62128305032184))"
1174,7554,2.56,6405.0,7909.0,3089.0,"POLYGON ((-90.24552074005453 38.61396389281845, -90.2465224912247 38.60769095519841, -90.24140882653212 38.60718788536208, -90.24157489489697 38.6062977407859, -90.23353910441919 38.6052923130711, -90.23309843400099 38.60522160449235, -90.23016781791495 38.60442778255459, -90.22862604400693 38.61199461797644, -90.23991393355149 38.61342712453861, -90.24552074005453 38.61396389281845))"
1181,3815,2.61,5513.0,6241.0,2391.0,"POLYGON ((-90.26498839564316 38.6258785248172, -90.26608463643886 38.62057224393941, -90.26156812122206 38.62010217297649, -90.2610834450235 38.62001208093508, -90.25926213852068 38.61916391059665, -90.25840035794057 38.61984003580673, -90.2475284918571 38.61883715510338, -90.24711862927812 38.62151443581613, -90.24438589742388 38.62130715675799, -90.24434074721762 38.62178519395772, -90.24387593887613 38.62253599831028, -90.24338814455402 38.62337621653135, -90.24211310892727 38.62711176928252, -90.2476316367685 38.62825660688826, -90.26498839564316 38.6258785248172))"
1182,4757,2.47,4613.0,5724.0,2317.0,"POLYGON ((-90.26264965706874 38.63765747348972, -90.26319941571329 38.63477950073531, -90.26639241732163 38.63509782473554, -90.26645609270696 38.63385526194885, -90.26620445287458 38.63218316906511, -90.26574206785466 38.63129010889517, -90.26491043978974 38.63003598775234, -90.26452307001168 38.62925937554682, -90.26452458482903 38.62894887138683, -90.26455073694687 38.62863516557974, -90.26498830580358 38.62591078648043, -90.25019762708951 38.62790512878229, -90.24810988356116 38.63412387436156, -90.24774626074446 38.63447641616034, -90.26264965706874 38.63765747348972))"
1183,591,2.71,2714.0,3336.0,1231.0,"POLYGON ((-90.25154480871467 38.63812248409818, -90.25244173611389 38.63549496321335, -90.24775320661109 38.63447520596874, -90.24809911009785 38.63413487920562, -90.25018727964282 38.62792196810659, -90.2476682996147 38.62823940330599, -90.23672080112044 38.62598159695082, -90.23380013031937 38.63441945939158, -90.25154480871467 38.63812248409818))"
1184,1703,1.53,5306.0,6567.0,4292.0,"POLYGON ((-90.23380300007038 38.63440509664821, -90.23670819489286 38.6259799765469, -90.22487260658207 38.62352201957599, -90.22443976869039 38.62425332192094, -90.2241693101893 38.62428938436297, -90.22388431289835 38.62426491802495, -90.21835442163641 38.62311782557153, -90.21820271177897 38.62418737283318, -90.21813392823387 38.62544042546193, -90.21813150632863 38.62620118684658, -90.21811045257959 38.62675687007841, -90.21752487546468 38.62782193850388, -90.21550169039834 38.63110248997725, -90.21634759493635 38.63119024472032, -90.21747083253011 38.63119846730303, -90.2188949430595 38.63117781309159, -90.22044137421656 38.63112377075142, -90.22029435882224 38.63162242827148, -90.23380300007038 38.63440509664821))"
1185,3623,3.18,3423.0,4363.0,1372.0,"POLYGON ((-90.22487138140029 38.62350990217221, -90.24211479550527 38.62709298779391, -90.24337364152275 38.62337970121995, -90.24433503597358 38.62179304929835, -90.2444167161769 38.62128729451238, -90.24255252607334 38.62114865949918, -90.22640253644197 38.61908880078762, -90.22524836740298 38.62249106124483, -90.22487138140029 38.62350990217221))"
1191,7937,1.86,5380.0,8104.0,4357.0,"POLYGON ((-90.25622836644246 38.64633388478445, -90.2569961401814 38.64526890096276, -90.25792690618441 38.6424529333134, -90.26168979610529 38.64321956434678, -90.26263372682801 38.63764924226093, -90.25245218138286 38.63549169484097, -90.2515614052783 38.63811511565445, -90.24673569961932 38.63711707147662, -90.24577683508642 38.63992454385346, -90.24519544659327 38.64148651289115, -90.25622836644246 38.64633388478445))"
1192,5533,2.47,3604.0,4984.0,2018.0,"POLYGON ((-90.23712393378754 38.64425752154689, -90.2528066355591 38.65116760775731, -90.25624942097204 38.64633873055809, -90.2497114574188 38.6434677290076, -90.24518365822182 38.64148476730015, -90.2424458686329 38.64539370894691, -90.23777706752071 38.64333993299533, -90.23712393378754 38.64425752154689))"
1193,6164,2.0,1907.0,3594.0,1797.0,"POLYGON ((-90.22929946983271 38.64233375766368, -90.23631783072804 38.64540044135549, -90.23777407258734 38.64333773401799, -90.24243924676033 38.64538570344049, -90.24517142617188 38.64148425439092, -90.24522160879246 38.64140481674872, -90.24674927683519 38.63711507412094, -90.23379748259129 38.63440625662719, -90.23278172973291 38.63724123233655, -90.23001578775629 38.64115212909911, -90.22929946983271 38.64233375766368))"
1201,4576,3.1,3698.0,4520.0,1458.0,"POLYGON ((-90.21297698363836 38.65716918073911, -90.21373365137502 38.65734373017772, -90.214549108631 38.65767303326371, -90.21762672246615 38.65339903785474, -90.21917649711152 38.65413098416698, -90.21996279666533 38.65301212565488, -90.21995989891698 38.64656505257006, -90.21284585311668 38.64507100146512, -90.21292325211454 38.64839230557553, -90.21284371042843 38.64875526425627, -90.21293669542416 38.65404278559705, -90.21297698363836 38.65716918073911))"
1202,3908,2.65,4955.0,5869.0,2215.0,"POLYGON ((-90.20734817911242 38.66410195002756, -90.20847504711131 38.66623903883661, -90.21451662419128 38.65769930881139, -90.21371169790443 38.65731277965909, -90.21294930343579 38.65716393446854, -90.20245110603547 38.65498476003297, -90.20331297590339 38.65620226031361, -90.20357324483192 38.65648471736953, -90.20734817911242 38.66410195002756))"
1203,7509,3.5,4057.0,5384.0,1538.0,"POLYGON ((-90.20248088164725 38.65497064950051, -90.21296012458518 38.6571450922592, -90.21281943383278 38.64876377800877, -90.21291156419427 38.64847874539091, -90.21289359244453 38.64742866136826, -90.21285639177147 38.6457587477834, -90.21283469935247 38.64506967468265, -90.20530779595205 38.64349518532224, -90.20448153159627 38.64623346595804, -90.20443114453604 38.6464149416087, -90.20438481042581 38.64673819601512, -90.20332427172728 38.64982046065261, -90.20191812126835 38.65400531029768, -90.20248088164725 38.65497064950051))"
1211,4235,2.83,4977.0,5833.0,2061.0,"POLYGON ((-90.22933901931728 38.64126295228771, -90.22996211056622 38.64122940889501, -90.23277682920045 38.63725284283684, -90.23379249572059 38.63440184830895, -90.22029655342605 38.63162382242088, -90.22043482758129 38.63112887543182, -90.2172994576498 38.63120034075509, -90.21786764932865 38.63119150159712, -90.21733028539064 38.63122402431615, -90.2167799758158 38.6328207179557, -90.21651074750247 38.63365839382208, -90.21830948517263 38.63403213504367, -90.21674339692152 38.63866080240694, -90.22933901931728 38.64126295228771))"
1212,6752,2.64,2516.0,3442.0,1304.0,"POLYGON ((-90.22451079055938 38.6475165499891, -90.22599815628696 38.64816036226546, -90.22996015543625 38.641242850104, -90.22934932446714 38.64126995192836, -90.21580775544889 38.63844084262281, -90.21581507682652 38.6396146919078, -90.21589792013738 38.64569871725612, -90.22451079055938 38.6475165499891))"
1213,11124,3.97,2461.0,3723.0,938.0,"POLYGON ((-90.20530673829077 38.64349054861555, -90.21588601453955 38.64569755965411, -90.21581053427859 38.63957650080739, -90.21581189433219 38.63845097973581, -90.20685167302045 38.63661344538374, -90.20390811503478 38.63598584847959, -90.20285101623193 38.63901819236766, -90.2024551024662 38.63894718474312, -90.2020331816646 38.64016917620579, -90.20147137125865 38.64003149383132, -90.20059200644967 38.64250648081492, -90.20530673829077 38.64349054861555))"
1214,984,2.17,2562.0,3278.0,1511.0,"POLYGON ((-90.20391498711278 38.63598062943375, -90.21674936515217 38.63863452017487, -90.21830084577752 38.63404223596482, -90.21651143118609 38.63365193755935, -90.21733630072096 38.63119944167308, -90.21634854654768 38.63119735405256, -90.21550573218379 38.63110209524081, -90.2091557119858 38.62988600190405, -90.20641046919687 38.62930596078899, -90.20630328855087 38.62952353965271, -90.2050045731015 38.63341390852768, -90.2046853261096 38.63371476642409, -90.20391498711278 38.63598062943375))"
1221,2737,3.21,2958.0,4878.0,1520.0,"POLYGON ((-90.2183514870906 38.62311332623816, -90.22389824045374 38.6242672655827, -90.22417633927313 38.62428372186904, -90.22443906016461 38.62425138613335, -90.22486874398972 38.62350821931793, -90.22640219137375 38.61908843191845, -90.22018324236961 38.61829348844132, -90.2133879149243 38.61742619000007, -90.21279646700039 38.61915787153215, -90.21287240088512 38.61922980572337, -90.21222848667141 38.62090590726572, -90.21353989843645 38.6211515439955, -90.2125870772267 38.62379198660547, -90.21232675671726 38.62473377028759, -90.21812957873645 38.62579348746256, -90.21819680209987 38.62434673237867, -90.2183514870906 38.62311332623816))"
1222,270,1.7,2357.0,5665.0,3332.0,"POLYGON ((-90.21351835553124 38.62115196135255, -90.21220900422014 38.62090795121725, -90.19578949731762 38.6175830970281, -90.19350216955755 38.61710471809877, -90.19288413802568 38.61700535163081, -90.1919504724991 38.61659960579069, -90.18972122628601 38.6155876334978, -90.18727392338026 38.61443413918651, -90.18682101217129 38.61550877429339, -90.18702389035452 38.61581305257428, -90.1857713704111 38.61895088186706, -90.18653405450256 38.61913449704542, -90.18757648382007 38.6193878607884, -90.18865189024784 38.61972458519012, -90.18962153462418 38.62009900207697, -90.19090217964154 38.62065232759565, -90.19126620717839 38.62078191417994, -90.19234514246719 38.62117834281437, -90.19340432748919 38.62150861678688, -90.1947895532835 38.62191930198351, -90.19437038592532 38.62305315741955, -90.19575519513585 38.62340216772849, -90.1953585387859 38.62431368259115, -90.19641230945709 38.62454340537413, -90.19914887387905 38.62521390974324, -90.20192656330438 38.62590580527128, -90.20322808498419 38.62618516576921, -90.20240403601714 38.62839103117023, -90.20637739157708 38.62930859055884, -90.21550629781076 38.63110395859541, -90.21812809866206 38.62674965807412, -90.21812750981414 38.6257948496151, -90.21233915833341 38.62472175836933, -90.21351835553124 38.62115196135255))"
1224,7043,3.56,3497.0,5225.0,1468.0,"POLYGON ((-90.18728776167198 38.6144209464181, -90.19285752035972 38.61698775395939, -90.19345417226133 38.61707544234472, -90.21224340436876 38.62092079857987, -90.21287180297176 38.61923409678361, -90.21279355488214 38.61915108494912, -90.21338763105055 38.61742168634997, -90.21118415729671 38.61678067496527, -90.20595889025583 38.61528837799632, -90.20419698255142 38.61479402520479, -90.20402249244128 38.61514816448543, -90.19899351834161 38.61381636065416, -90.19865238340252 38.61448860825363, -90.19701216076716 38.61414275194088, -90.19756926721836 38.61283540486339, -90.19649435318418 38.61214559624767, -90.19516070937229 38.61362254980074, -90.19394635839117 38.6132446753642, -90.19220386005759 38.61283195884337, -90.19163655207765 38.61249326968609, -90.19001600696788 38.61214804036398, -90.18840358329132 38.61164063916257, -90.18782192879661 38.61258288117105, -90.18728776167198 38.6144209464181))"
1231,8097,3.08,6013.0,6575.0,2135.0,"POLYGON ((-90.22017897193743 38.61828178599636, -90.2270774757628 38.61915628195484, -90.23015825666863 38.60442697947894, -90.22684135184794 38.60351843907852, -90.22655778597601 38.60339119685418, -90.2256445758273 38.60371607638051, -90.22341356233744 38.60306894618855, -90.22017897193743 38.61828178599636))"
1232,4430,2.83,4170.0,5147.0,1819.0,"POLYGON ((-90.20419835415268 38.61479139671896, -90.21340181165461 38.61742623689014, -90.220187995587 38.61829055199131, -90.22170864409691 38.61109131527925, -90.20967425800124 38.60775586577287, -90.20864161770773 38.61008026215084, -90.20768838519594 38.61115899189161, -90.20419835415268 38.61479139671896))"
1233,6289,2.91,6065.0,6331.0,2176.0,"POLYGON ((-90.20967195754268 38.60776343975898, -90.22169437814377 38.61107957847227, -90.22340896998448 38.60307986223289, -90.21355137468508 38.60026475222288, -90.21221102673312 38.60213612414582, -90.21097341144413 38.60493995480495, -90.20967195754268 38.60776343975898))"
1234,5576,2.74,4000.0,5004.0,1826.0,"POLYGON ((-90.19649712485327 38.61215872194435, -90.19757404079212 38.61283224299423, -90.19701049785984 38.61413605118661, -90.19863490771013 38.61448978479117, -90.19899057591999 38.61381869182937, -90.20402576836328 38.61514509206352, -90.20419413310272 38.61479120285188, -90.2086215237825 38.61012007219011, -90.21221050374258 38.6021344206357, -90.21354788128953 38.60025833670246, -90.20893675449805 38.59900876365037, -90.20805280310509 38.59876507249208, -90.20788854416034 38.59939256499921, -90.20760322647041 38.60017273911043, -90.20673496233624 38.6012156303239, -90.20513466824792 38.60353310783232, -90.20376175362784 38.60552457604422, -90.203428894079 38.60596620071401, -90.20300245187509 38.60584384494793, -90.20245642127348 38.60552555484769, -90.20172043338776 38.60654683695721, -90.19948196463339 38.60896241647298, -90.19797839542137 38.61063494725208, -90.19649712485327 38.61215872194435))"
1235,50,4.17,,,,"POLYGON ((-90.18840818420642 38.61161731334126, -90.19003739202536 38.61215160900398, -90.19163322957348 38.6124927459746, -90.19218860727888 38.61282102408484, -90.19516323664293 38.61360730100633, -90.1980273528694 38.61057566759521, -90.19949700604712 38.60894496383895, -90.20170466419901 38.60656734702943, -90.20244003107958 38.60553322360805, -90.20300808507616 38.6058429872639, -90.20342531910697 38.60594851938279, -90.20720811855692 38.60065948545885, -90.20758982374271 38.6001462843143, -90.2081086121463 38.59876661636365, -90.20735027454378 38.59850013344202, -90.20505159234182 38.59640143336927, -90.20680641678319 38.59530353746933, -90.20324844432018 38.59202894751916, -90.20216746440786 38.59288602032423, -90.199370993443 38.59554596699333, -90.19757065625964 38.59731924680914, -90.19495259873001 38.60022456589599, -90.19277025240268 38.60379944402138, -90.19117672003114 38.60645471065606, -90.19036887338062 38.60871939480806, -90.1893179798338 38.61011847194582, -90.18840818420642 38.61161731334126))"
1241,7528,2.44,6112.0,6618.0,2712.0,"POLYGON ((-90.23344424967051 38.59427868621889, -90.23459618220204 38.59441514013394, -90.23605945360717 38.58725606119171, -90.24061709099013 38.58782888052028, -90.24134759724964 38.5842622598922, -90.22770303788488 38.58255240557416, -90.22677043094384 38.58693227337509, -90.2261186085768 38.59007790403319, -90.22545821619184 38.5932869042078, -90.23344424967051 38.59427868621889))"
1242,5715,2.43,5646.0,6188.0,2547.0,"POLYGON ((-90.22340112115414 38.60307085795256, -90.22564414028105 38.6037162272837, -90.22655835565557 38.60338235553737, -90.22686194476186 38.60351957002614, -90.23129259952918 38.60473167448571, -90.2334445473263 38.59426874999862, -90.22546508123703 38.59327957626518, -90.22340112115414 38.60307085795256))"
1243,7522,2.76,5610.0,8545.0,3096.0,"POLYGON ((-90.21457166128592 38.60056259718525, -90.2234107746727 38.6030871457743, -90.22702672560369 38.5856754207739, -90.22666121285521 38.58602076335297, -90.22601120991214 38.58679893731478, -90.22528412427454 38.58737721097649, -90.22414931075461 38.5880072411645, -90.22299461494897 38.5886901103417, -90.22212301929665 38.58913710992729, -90.22068139761274 38.58942417467365, -90.21864975207151 38.58977425997184, -90.21653132174876 38.59055825801683, -90.21499093711917 38.59135815644793, -90.21570219318127 38.592072228783, -90.21636171737443 38.59213318644602, -90.21579219119117 38.59552802843417, -90.21545760357522 38.59648927835709, -90.21457166128592 38.60056259718525))"
1244,637,3.01,5842.0,7287.0,2421.0,"POLYGON ((-90.20325310640935 38.59201971183947, -90.20680031143664 38.59529940515881, -90.20509731300474 38.59639602054541, -90.20737709343342 38.59850354413818, -90.20892953437252 38.59900674043087, -90.21454727838 38.60053741212256, -90.21542007345479 38.59654681169404, -90.21578786433146 38.5955487795464, -90.21633508892768 38.5921382387784, -90.21570444872734 38.59206244085253, -90.21498636590277 38.59135856922737, -90.21438968296314 38.59170005659075, -90.21160642067774 38.58887788361397, -90.20977999290665 38.58721255491864, -90.20818747257036 38.58817620271965, -90.20586102749193 38.58999329322675, -90.20325310640935 38.59201971183947))"
1245,2595,2.33,6513.0,6871.0,2949.0,"POLYGON ((-90.22175392058983 38.57941387031666, -90.22012703576617 38.58041090261072, -90.21815010955962 38.58206894991937, -90.21486321801137 38.58371304665275, -90.2137380503828 38.58483038749786, -90.20976306590306 38.58721469005034, -90.21435970397739 38.59166386094942, -90.21646499246023 38.59059278698833, -90.21858328582631 38.5897874142285, -90.2205741268789 38.58943074041945, -90.22209301008819 38.58915098610996, -90.22304831993807 38.58864295234592, -90.22413929016619 38.58800871607293, -90.22526479384335 38.58737546160972, -90.22589137143906 38.58689145101214, -90.22657017184476 38.5861167085755, -90.22702128770615 38.58568379630259, -90.22768896464746 38.5825511164605, -90.22310037520185 38.58199676922872, -90.22565746239886 38.5804544086761, -90.2246319557533 38.58033214752739, -90.22419884920363 38.58017127736264, -90.22260281245173 38.57885290170933, -90.22175392058983 38.57941387031666))"
1251,2397,1.37,6152.0,8594.0,6273.0,"POLYGON ((-90.20391020115245 38.63598387486963, -90.20467068039184 38.63374214787922, -90.20499885413618 38.63343485338805, -90.20628814370841 38.62956707769617, -90.20640322863301 38.62931257081075, -90.20240271995515 38.62837682622258, -90.20321481574416 38.62619315661567, -90.19915185965655 38.62521287283607, -90.19798668720959 38.62812406420146, -90.19677397239617 38.6317613896821, -90.19578782549816 38.63426781699122, -90.20391020115245 38.63598387486963))"
1252,6080,3.27,2631.0,3814.0,1166.0,"POLYGON ((-90.20059317742283 38.64251010482035, -90.20146607606709 38.64003346416295, -90.20202480556726 38.6401608534844, -90.2024521898603 38.63894118572075, -90.20284773245626 38.63901576393664, -90.20389327690251 38.6359816097866, -90.19180979337962 38.63343615965516, -90.1872466077582 38.63252412299249, -90.18642965162118 38.63516629044258, -90.18611586623635 38.63671969437131, -90.18629831655598 38.63778954398664, -90.18719850494107 38.63968601807431, -90.20059317742283 38.64251010482035))"
1253,587,1.12,1378.0,2466.0,2202.0,"POLYGON ((-90.18725963518726 38.63251751402396, -90.19578464744606 38.63427161992025, -90.1967640384852 38.63176903602467, -90.1982612401396 38.62743516602625, -90.19914689513161 38.62522115675696, -90.1953728576993 38.62428457853807, -90.19575192733505 38.62340505944057, -90.19437105243566 38.62305561096122, -90.19478289841129 38.62192248349137, -90.19273140936878 38.62129575582212, -90.19229975550732 38.62115297409178, -90.19180940663631 38.62097430245645, -90.19001854488057 38.62541207138012, -90.18874925300523 38.62847451670373, -90.18839877725161 38.62936895752937, -90.18769503754332 38.63144953880037, -90.18758208500506 38.63152671551668, -90.18725963518726 38.63251751402396))"
1254,1350,1.37,8624.0,10452.0,7629.0,"POLYGON ((-90.18154158267548 38.64058353418878, -90.18323835914606 38.64046137132016, -90.18316027943189 38.63974513586307, -90.18403206389111 38.63965637836422, -90.18526227735559 38.63953635629638, -90.18594896319594 38.63950092040415, -90.18719959870549 38.63968902974273, -90.18629152467688 38.63779694581704, -90.18610410411111 38.63672041760361, -90.18638164745114 38.63536493527216, -90.18817380025096 38.62999392526722, -90.19182248286147 38.62094694469278, -90.18963554396767 38.62011317134202, -90.1886109459798 38.61969896953369, -90.18752950035955 38.61936781566491, -90.18576720503771 38.6189542823599, -90.18411695622619 38.62359379866037, -90.18289656380622 38.62710625936656, -90.18216997032974 38.62923933289059, -90.1812711100434 38.6317970389392, -90.18061960732285 38.63658289476739, -90.18088406863272 38.63950141876764, -90.18098621608161 38.64060039356161, -90.18154158267548 38.64058353418878))"
1261,5707,2.94,3605.0,4925.0,1675.0,"POLYGON ((-90.19998192763914 38.65062383489547, -90.20285280650234 38.65120944822921, -90.20437772377484 38.64674293619624, -90.20442028736828 38.64646359986829, -90.20529553844102 38.64350971398844, -90.19407718823594 38.64112797211138, -90.19384558557674 38.64188299396177, -90.19370654832807 38.64202786543794, -90.19287118095313 38.64442900315403, -90.19294418894209 38.64464837549808, -90.19375567127106 38.64614640804625, -90.19648986547109 38.65162425378971, -90.19998192763914 38.65062383489547))"
1262,1347,2.73,4605.0,5605.0,2053.0,"POLYGON ((-90.19294438799453 38.64465497244386, -90.1928673016553 38.64442606540965, -90.19371142530937 38.64202195679034, -90.19384841245976 38.64188201227478, -90.19407607318082 38.64113887863147, -90.18726616232995 38.63969570399917, -90.18592907173584 38.639496248329, -90.18378369563071 38.63967845137505, -90.18316058032011 38.63974085353243, -90.1832435732338 38.6404636557961, -90.18203466774706 38.64056078001588, -90.18099173269613 38.64060921830399, -90.18123944208793 38.64183823576656, -90.18141920897617 38.64271171329037, -90.1816619220758 38.64395542949881, -90.18203260211584 38.64580517364552, -90.18216609278014 38.64890573984732, -90.1819680503114 38.64920637122047, -90.18259818494653 38.65240878833192, -90.18426560666752 38.65184919146289, -90.19251888813298 38.64925704960046, -90.19296263437637 38.6500506109608, -90.19413951330965 38.64968731585406, -90.19379408036761 38.64889777383875, -90.19496748593583 38.64856529855799, -90.19294438799453 38.64465497244386))"
1263,3897,2.85,4240.0,5481.0,1923.0,"POLYGON ((-90.20404336523828 38.65744542435569, -90.20356033176606 38.65647887430881, -90.20330678711942 38.65620518321725, -90.20247964482225 38.65498243503849, -90.20191362475074 38.65400563737625, -90.20285026953505 38.65121480347334, -90.19999786775055 38.65062914704302, -90.19649055535724 38.65161963692608, -90.19496147781278 38.64857528186731, -90.19379484693664 38.64889918833229, -90.19414031731571 38.64968166769937, -90.19296443327796 38.65004295559898, -90.19251951206951 38.64926669858123, -90.18258478198139 38.65238635741149, -90.18314220819516 38.6544526280871, -90.1834188219138 38.65460005008497, -90.18377464699635 38.65519369022765, -90.18451400392057 38.65819252194492, -90.18715364499511 38.65739186739981, -90.19213557425864 38.6558607405083, -90.19337812496896 38.65548512660552, -90.19321622704663 38.65509828805556, -90.20404336523828 38.65744542435569))"
1264,2280,2.71,4795.0,5757.0,2124.0,"POLYGON ((-90.19367454540053 38.66306699947888, -90.1988455582208 38.66145295485845, -90.20262732727173 38.66014460473111, -90.2050014976309 38.6593852610647, -90.20404921567643 38.65745018693782, -90.19322563640819 38.65508881628674, -90.19337718998256 38.65546961460949, -90.18450089924826 38.65819906400743, -90.18513064764986 38.65998456600849, -90.18501749752723 38.66113175707304, -90.18533654816926 38.66203144388227, -90.185700741373 38.6627969046292, -90.18642708490046 38.66496866694749, -90.19367454540053 38.66306699947888))"
1265,2851,2.62,5244.0,6038.0,2305.0,"POLYGON ((-90.18877854170967 38.67142658601893, -90.19519791681724 38.66916471111369, -90.20045092017781 38.66634646230241, -90.20732804732437 38.66408439232685, -90.20499739416212 38.65940371868533, -90.19544608903622 38.66249629942524, -90.18643668901221 38.66496019053573, -90.18677361058893 38.66517064271545, -90.18766310052516 38.66747997577765, -90.18764430405018 38.66798409361045, -90.18793959639062 38.66820877471866, -90.18821376063059 38.66871740021516, -90.18836502737932 38.66993590970835, -90.18877854170967 38.67142658601893))"
